{
   "RealDrum01_00#MIX.xml": [],
   "RealDrum01_01#MIX.xml": [
      0.9936305732484078,
      0.9936305732484078,
      0.9936305732484078,
      0.9936305732484078,
      0.9936305732484078,
      0.9936305732484078,
      0.9936305732484078,
      0.980891719745223,
      0.7770700636942675,
      0.15286624203821655,
      0.025477707006369425
   ],
   "RealDrum01_02#MIX.xml": [
      0.9365853658536585,
      0.9365853658536585,
      0.9365853658536585,
      0.9365853658536585,
      0.9365853658536585,
      0.9365853658536585,
      0.9365853658536585,
      0.9365853658536585,
      0.8,
      0.14634146341463414,
      0.01951219512195122
   ],
   "RealDrum01_03#MIX.xml": [
      0.9642857142857143,
      0.9642857142857143,
      0.9642857142857143,
      0.9642857142857143,
      0.9642857142857143,
      0.9642857142857143,
      0.9642857142857143,
      0.9642857142857143,
      0.6309523809523809,
      0.10714285714285715,
      0.02380952380952381
   ],
   "RealDrum01_04#MIX.xml": [
      0.9387755102040817,
      0.9387755102040817,
      0.9387755102040817,
      0.9387755102040817,
      0.9387755102040817,
      0.9387755102040817,
      0.9387755102040817,
      0.9387755102040817,
      0.7448979591836735,
      0.336734693877551,
      0.1836734693877551
   ],
   "RealDrum01_05#MIX.xml": [
      0.9223744292237444,
      0.9223744292237444,
      0.9223744292237444,
      0.9223744292237444,
      0.9223744292237444,
      0.9223744292237444,
      0.9223744292237444,
      0.9223744292237444,
      0.867579908675799,
      0.31963470319634707,
      0.0821917808219178
   ],
   "RealDrum01_06#MIX.xml": [
      0.945945945945946,
      0.945945945945946,
      0.945945945945946,
      0.945945945945946,
      0.945945945945946,
      0.945945945945946,
      0.945945945945946,
      0.9009009009009009,
      0.6216216216216216,
      0.08108108108108107,
      0.00900900900900901
   ],
   "RealDrum01_07#MIX.xml": [
      0.8689138576779027,
      0.8689138576779027,
      0.8689138576779027,
      0.8689138576779027,
      0.8689138576779027,
      0.8689138576779027,
      0.8689138576779027,
      0.8689138576779027,
      0.7715355805243447,
      0.35955056179775285,
      0.03745318352059926
   ],
   "RealDrum01_08#MIX.xml": [
      0.9918032786885246,
      0.9918032786885246,
      0.9918032786885246,
      0.9918032786885246,
      0.9918032786885246,
      0.9918032786885246,
      0.9918032786885246,
      0.9836065573770492,
      0.5327868852459016,
      0.00819672131147541,
      0
   ],
   "RealDrum01_09#MIX.xml": [
      0.9056603773584906,
      0.9056603773584906,
      0.9056603773584906,
      0.9056603773584906,
      0.9056603773584906,
      0.9056603773584906,
      0.9056603773584906,
      0.8773584905660377,
      0.4528301886792453,
      0.0849056603773585,
      0.05660377358490566
   ],
   "RealDrum01_10#MIX.xml": [
      0.8663101604278075,
      0.855614973262032,
      0.823529411764706,
      0.823529411764706,
      0.7486631016042781,
      0.7165775401069518,
      0.7058823529411765,
      0.695187165775401,
      0.6631016042780747,
      0.3422459893048128,
      0.25668449197860954
   ],
   "RealDrum01_11#MIX.xml": [
      0.7354260089686099,
      0.7264573991031391,
      0.7174887892376682,
      0.7174887892376682,
      0.6995515695067265,
      0.6816143497757848,
      0.6457399103139013,
      0.6098654708520179,
      0.5201793721973095,
      0.26905829596412556,
      0.13452914798206278
   ],
   "RealDrum01_12#MIX.xml": [
      0.8938547486033519,
      0.8938547486033519,
      0.8938547486033519,
      0.88268156424581,
      0.88268156424581,
      0.88268156424581,
      0.8715083798882681,
      0.8491620111731844,
      0.7709497206703911,
      0.5251396648044693,
      0.0782122905027933
   ],
   "RealDrum01_13#MIX.xml": [],
   "TechnoDrum01_00#MIX.xml": [
      0.6511627906976744,
      0.6511627906976744,
      0.6511627906976744,
      0.6418604651162791,
      0.6418604651162791,
      0.6139534883720931,
      0.5767441860465116,
      0.5767441860465116,
      0.5488372093023256,
      0.3534883720930232,
      0.2883720930232558
   ],
   "TechnoDrum01_01#MIX.xml": [
      0.6805555555555556,
      0.6805555555555556,
      0.6805555555555556,
      0.6805555555555556,
      0.6666666666666666,
      0.625,
      0.625,
      0.611111111111111,
      0.5138888888888888,
      0.18055555555555555,
      0.08333333333333333
   ],
   "TechnoDrum01_02#MIX.xml": [
      0.611111111111111,
      0.611111111111111,
      0.611111111111111,
      0.611111111111111,
      0.5972222222222223,
      0.5972222222222223,
      0.5555555555555555,
      0.5,
      0.4166666666666667,
      0.3194444444444444,
      0.19444444444444445
   ],
   "TechnoDrum01_03#MIX.xml": [
      0.8368200836820084,
      0.8284518828451883,
      0.8200836820083681,
      0.8200836820083681,
      0.8117154811715481,
      0.8117154811715481,
      0.7866108786610879,
      0.7698744769874478,
      0.7698744769874478,
      0.2845188284518828,
      0.08368200836820083
   ],
   "TechnoDrum01_04#MIX.xml": [
      0.8050847457627118,
      0.8050847457627118,
      0.8050847457627118,
      0.8050847457627118,
      0.8050847457627118,
      0.8050847457627118,
      0.8050847457627118,
      0.788135593220339,
      0.7796610169491526,
      0.7033898305084745,
      0.5847457627118644
   ]
}