{
   "RealDrum01_00#MIX.xml": [],
   "RealDrum01_01#MIX.xml": [
      0.9936305732484078,
      0.9936305732484078,
      0.9936305732484078,
      0.9936305732484078,
      0.9936305732484078,
      0.9936305732484078,
      0.9936305732484078,
      0.9936305732484078,
      0.840764331210191,
      0.12738853503184713,
      0
   ],
   "RealDrum01_02#MIX.xml": [
      0.9186602870813396,
      0.9186602870813396,
      0.9186602870813396,
      0.9186602870813396,
      0.9186602870813396,
      0.9186602870813396,
      0.9186602870813396,
      0.8995215311004785,
      0.7081339712918661,
      0.1339712918660287,
      0.019138755980861243
   ],
   "RealDrum01_03#MIX.xml": [
      0.9824561403508771,
      0.9824561403508771,
      0.9824561403508771,
      0.9824561403508771,
      0.9824561403508771,
      0.9824561403508771,
      0.9824561403508771,
      0.9824561403508771,
      0.5964912280701754,
      0.15204678362573099,
      0.08187134502923976
   ],
   "RealDrum01_04#MIX.xml": [
      0.9333333333333333,
      0.9333333333333333,
      0.9333333333333333,
      0.9333333333333333,
      0.9333333333333333,
      0.9333333333333333,
      0.9333333333333333,
      0.9333333333333333,
      0.717948717948718,
      0.37948717948717947,
      0.2153846153846154
   ],
   "RealDrum01_05#MIX.xml": [
      0.8632478632478633,
      0.8632478632478633,
      0.8632478632478633,
      0.8632478632478633,
      0.8632478632478633,
      0.8632478632478633,
      0.8632478632478633,
      0.8632478632478633,
      0.829059829059829,
      0.18803418803418803,
      0.06837606837606838
   ],
   "RealDrum01_06#MIX.xml": [
      0.9333333333333333,
      0.9333333333333333,
      0.9333333333333333,
      0.9333333333333333,
      0.9333333333333333,
      0.9333333333333333,
      0.9333333333333333,
      0.9066666666666667,
      0.6666666666666666,
      0.12444444444444444,
      0
   ],
   "RealDrum01_07#MIX.xml": [
      0.888888888888889,
      0.888888888888889,
      0.888888888888889,
      0.888888888888889,
      0.888888888888889,
      0.888888888888889,
      0.888888888888889,
      0.8812260536398467,
      0.7816091954022988,
      0.33716475095785436,
      0.007662835249042146
   ],
   "RealDrum01_08#MIX.xml": [
      0.9918032786885246,
      0.9918032786885246,
      0.9918032786885246,
      0.9918032786885246,
      0.9918032786885246,
      0.9918032786885246,
      0.9918032786885246,
      0.9508196721311475,
      0.5,
      0,
      0
   ],
   "RealDrum01_09#MIX.xml": [
      0.9468599033816426,
      0.9468599033816426,
      0.9468599033816426,
      0.9468599033816426,
      0.9468599033816426,
      0.9468599033816426,
      0.9468599033816426,
      0.927536231884058,
      0.4927536231884058,
      0.08695652173913045,
      0.04830917874396135
   ],
   "RealDrum01_10#MIX.xml": [
      0.8795811518324608,
      0.8691099476439791,
      0.8167539267015708,
      0.7643979057591622,
      0.7225130890052355,
      0.7015706806282723,
      0.6910994764397906,
      0.680628272251309,
      0.6492146596858638,
      0.3036649214659686,
      0.19895287958115185
   ],
   "RealDrum01_11#MIX.xml": [
      0.7321428571428571,
      0.7321428571428571,
      0.7321428571428571,
      0.7321428571428571,
      0.7232142857142858,
      0.7142857142857142,
      0.6607142857142856,
      0.6071428571428571,
      0.5625,
      0.24107142857142855,
      0.13392857142857142
   ],
   "RealDrum01_12#MIX.xml": [
      0.8914285714285715,
      0.8914285714285715,
      0.8914285714285715,
      0.8914285714285715,
      0.8799999999999999,
      0.8685714285714285,
      0.8571428571428571,
      0.8342857142857143,
      0.7771428571428571,
      0.5485714285714285,
      0.11428571428571428
   ],
   "RealDrum01_13#MIX.xml": [],
   "TechnoDrum01_00#MIX.xml": [
      0.6481481481481481,
      0.6481481481481481,
      0.6481481481481481,
      0.6481481481481481,
      0.6481481481481481,
      0.6388888888888888,
      0.6018518518518517,
      0.5740740740740741,
      0.5648148148148148,
      0.37037037037037035,
      0.3055555555555555
   ],
   "TechnoDrum01_01#MIX.xml": [
      0.6713286713286712,
      0.6713286713286712,
      0.6713286713286712,
      0.6713286713286712,
      0.6293706293706295,
      0.6153846153846154,
      0.6153846153846154,
      0.6013986013986015,
      0.47552447552447547,
      0.2097902097902098,
      0.06993006993006994
   ],
   "TechnoDrum01_02#MIX.xml": [
      0.611111111111111,
      0.611111111111111,
      0.611111111111111,
      0.611111111111111,
      0.611111111111111,
      0.5833333333333334,
      0.5694444444444445,
      0.47222222222222215,
      0.4166666666666667,
      0.3194444444444444,
      0.18055555555555555
   ],
   "TechnoDrum01_03#MIX.xml": [
      0.710204081632653,
      0.7020408163265307,
      0.6938775510204083,
      0.6938775510204083,
      0.6857142857142857,
      0.6775510204081633,
      0.6448979591836734,
      0.6448979591836734,
      0.5959183673469387,
      0.34285714285714286,
      0.16326530612244897
   ],
   "TechnoDrum01_04#MIX.xml": [
      0.8050847457627118,
      0.8050847457627118,
      0.8050847457627118,
      0.8050847457627118,
      0.8050847457627118,
      0.8050847457627118,
      0.8050847457627118,
      0.8050847457627118,
      0.788135593220339,
      0.7457627118644068,
      0.6101694915254237
   ],
   "TechnoDrum01_05#MIX.xml": [
      0.9066666666666667,
      0.9066666666666667,
      0.9066666666666667,
      0.9066666666666667,
      0.9066666666666667,
      0.9066666666666667,
      0.9066666666666667,
      0.9066666666666667,
      0.9066666666666667,
      0.4,
      0.08
   ]
}