{"RealDrum01_00#MIX.xml": [], "RealDrum01_01#MIX.xml": [0.9936305732484078, 0.9936305732484078, 0.9936305732484078, 0.9936305732484078, 0.9936305732484078, 0.9936305732484078, 0.980891719745223, 0.7898089171974522, 0.21656050955414013, 0.012738853503184712], "RealDrum01_02#MIX.xml": [0.9230769230769231, 0.9230769230769231, 0.9230769230769231, 0.9230769230769231, 0.9134615384615384, 0.9134615384615384, 0.8846153846153847, 0.701923076923077, 0.25, 0.009615384615384614], "RealDrum01_03#MIX.xml": [0.9518072289156626, 0.9518072289156626, 0.9518072289156626, 0.9518072289156626, 0.9518072289156626, 0.9518072289156626, 0.9156626506024097, 0.5421686746987951, 0.14457831325301207, 0.060240963855421686], "RealDrum01_04#MIX.xml": [0.9333333333333333, 0.9333333333333333, 0.9333333333333333, 0.9333333333333333, 0.9333333333333333, 0.9333333333333333, 0.9333333333333333, 0.7897435897435898, 0.3897435897435898, 0.18461538461538463], "RealDrum01_05#MIX.xml": [0.9395348837209302, 0.9395348837209302, 0.9395348837209302, 0.9395348837209302, 0.9395348837209302, 0.9395348837209302, 0.9395348837209302, 0.9023255813953489, 0.25116279069767444, 0.027906976744186046], "RealDrum01_06#MIX.xml": [0.9417040358744395, 0.9417040358744395, 0.9417040358744395, 0.9417040358744395, 0.9417040358744395, 0.9417040358744395, 0.8968609865470851, 0.6636771300448431, 0.16143497757847536, 0.008968609865470854], "RealDrum01_07#MIX.xml": [0.9169960474308301, 0.9169960474308301, 0.9169960474308301, 0.9169960474308301, 0.9169960474308301, 0.9169960474308301, 0.9011857707509882, 0.8063241106719368, 0.46640316205533594, 0.1422924901185771], "RealDrum01_08#MIX.xml": [0.9918032786885246, 0.9918032786885246, 0.9918032786885246, 0.9918032786885246, 0.9918032786885246, 0.9918032786885246, 0.9754098360655739, 0.5163934426229508, 0.024590163934426233, 0.00819672131147541], "RealDrum01_09#MIX.xml": [0.9032258064516129, 0.9032258064516129, 0.9032258064516129, 0.9032258064516129, 0.9032258064516129, 0.9032258064516129, 0.8847926267281107, 0.4423963133640553, 0.10138248847926268, 0.055299539170506916], "RealDrum01_10#MIX.xml": [0.8770053475935828, 0.8663101604278075, 0.8128342245989305, 0.7807486631016043, 0.7165775401069518, 0.7058823529411765, 0.6737967914438502, 0.6524064171122995, 0.36363636363636365, 0.2459893048128342], "RealDrum01_11#MIX.xml": [0.7499999999999999, 0.7499999999999999, 0.7499999999999999, 0.7222222222222221, 0.6944444444444443, 0.6759259259259259, 0.6296296296296297, 0.5092592592592593, 0.23148148148148145, 0.1388888888888889], "RealDrum01_12#MIX.xml": [0.8799999999999999, 0.8799999999999999, 0.8799999999999999, 0.8799999999999999, 0.8571428571428571, 0.8457142857142858, 0.8228571428571427, 0.7771428571428571, 0.5828571428571429, 0.18285714285714286], "RealDrum01_13#MIX.xml": [], "TechnoDrum01_00#MIX.xml": [0.5756097560975609, 0.5756097560975609, 0.5756097560975609, 0.5658536585365854, 0.5170731707317073, 0.4975609756097561, 0.4975609756097561, 0.4292682926829269, 0.3121951219512195, 0.30243902439024395], "TechnoDrum01_01#MIX.xml": [0.6619718309859155, 0.6619718309859155, 0.6619718309859155, 0.6478873239436619, 0.6056338028169014, 0.6056338028169014, 0.5915492957746478, 0.5070422535211268, 0.1549295774647887, 0.09859154929577464], "TechnoDrum01_02#MIX.xml": [0.611111111111111, 0.611111111111111, 0.611111111111111, 0.5972222222222223, 0.5833333333333334, 0.5833333333333334, 0.47222222222222215, 0.3611111111111111, 0.3194444444444444, 0.19444444444444445], "TechnoDrum01_03#MIX.xml": [0.8724279835390947, 0.8641975308641976, 0.8559670781893004, 0.8312757201646092, 0.7818930041152262, 0.757201646090535, 0.748971193415638, 0.6666666666666667, 0.24691358024691357, 0.03292181069958847], "TechnoDrum01_04#MIX.xml": [0.8, 0.8, 0.8, 0.8, 0.8, 0.8, 0.8, 0.7829787234042553, 0.7489361702127659, 0.5787234042553192], "TechnoDrum01_05#MIX.xml": [0.9066666666666667, 0.9066666666666667, 0.9066666666666667, 0.9066666666666667, 0.9066666666666667, 0.9066666666666667, 0.9066666666666667, 0.9066666666666667, 0.5466666666666666, 0.12], "TechnoDrum01_06#MIX.xml": [0.7708894878706201, 0.7708894878706201, 0.646900269541779, 0.6145552560646901, 0.5929919137466307, 0.5714285714285715, 0.4743935309973046, 0.36657681940700804, 0.25336927223719674, 0.10781671159029649], "TechnoDrum01_07#MIX.xml": [0.7102803738317757, 0.7102803738317757, 0.7102803738317757, 0.7102803738317757, 0.7102803738317757, 0.7102803738317757, 0.6728971962616823, 0.5514018691588786, 0.2897196261682243, 0.06542056074766354], "TechnoDrum01_08#MIX.xml": [0.9170731707317074, 0.9170731707317074, 0.9170731707317074, 0.9170731707317074, 0.9170731707317074, 0.9170731707317074, 0.9073170731707317, 0.7121951219512195, 0.4585365853658537, 0.07804878048780488], "TechnoDrum01_09#MIX.xml": [0.558139534883721, 0.558139534883721, 0.5302325581395348, 0.45581395348837206, 0.44651162790697674, 0.42790697674418604, 0.4186046511627907, 0.3255813953488372, 0.18604651162790697, 0.13953488372093026], "TechnoDrum02_00#MIX.xml": [0.6551724137931034, 0.6551724137931034, 0.6551724137931034, 0.6551724137931034, 0.6551724137931034, 0.6551724137931034, 0.6551724137931034, 0.6206896551724138, 0.13793103448275862, 0.034482758620689655], "WaveDrum01_00#MIX.xml": [0.8958333333333334, 0.8958333333333334, 0.8958333333333334, 0.8958333333333334, 0.8958333333333334, 0.8958333333333334, 0.8819444444444444, 0.8472222222222222, 0.6875, 0.4236111111111111], "WaveDrum01_01#MIX.xml": [0.9243697478991597, 0.9243697478991597, 0.9243697478991597, 0.9243697478991597, 0.9243697478991597, 0.9243697478991597, 0.9243697478991597, 0.9243697478991597, 0.7647058823529412, 0.5714285714285715], "WaveDrum01_02#MIX.xml": [0.9219858156028369, 0.9219858156028369, 0.9219858156028369, 0.9219858156028369, 0.9219858156028369, 0.9219858156028369, 0.9078014184397163, 0.9078014184397163, 0.702127659574468, 0.4042553191489362], "WaveDrum01_03#MIX.xml": [0.9777777777777777, 0.9777777777777777, 0.9777777777777777, 0.9777777777777777, 0.9777777777777777, 0.9777777777777777, 0.9688888888888889, 0.9066666666666666, 0.5866666666666667, 0.28444444444444444], "WaveDrum01_04#MIX.xml": [0.905829596412556, 0.905829596412556, 0.905829596412556, 0.905829596412556, 0.8968609865470852, 0.8878923766816144, 0.8878923766816144, 0.8340807174887893, 0.29596412556053814, 0.11659192825112107], "WaveDrum01_05#MIX.xml": [0.8636363636363636, 0.8636363636363636, 0.8636363636363636, 0.8636363636363636, 0.8636363636363636, 0.8636363636363636, 0.8506493506493507, 0.8051948051948052, 0.551948051948052, 0.2012987012987013], "WaveDrum01_06#MIX.xml": [0.9644670050761421, 0.9644670050761421, 0.9644670050761421, 0.9644670050761421, 0.9644670050761421, 0.9644670050761421, 0.9644670050761421, 0.9441624365482234, 0.6497461928934011, 0.4263959390862944], "WaveDrum01_07#MIX.xml": [0.918918918918919, 0.918918918918919, 0.918918918918919, 0.918918918918919, 0.918918918918919, 0.918918918918919, 0.918918918918919, 0.9054054054054054, 0.5945945945945946, 0.3243243243243243], "WaveDrum01_08#MIX.xml": [0.6358381502890174, 0.6242774566473989, 0.6242774566473989, 0.6127167630057804, 0.6011560693641619, 0.6011560693641619, 0.6011560693641619, 0.5317919075144508, 0.3468208092485549, 0.046242774566473986], "WaveDrum01_09#MIX.xml": [0.9533333333333334, 0.9533333333333334, 0.9533333333333334, 0.9533333333333334, 0.9533333333333334, 0.9533333333333334, 0.9533333333333334, 0.8800000000000001, 0.48000000000000004, 0.19333333333333333], "WaveDrum02_01#MIX.xml": [0.9911504424778761, 0.9911504424778761, 0.9911504424778761, 0.9911504424778761, 0.9911504424778761, 0.9911504424778761, 0.9911504424778761, 0.9911504424778761, 0.8672566371681416, 0.49557522123893805], "WaveDrum02_02#MIX.xml": [0.9032258064516129, 0.9032258064516129, 0.9032258064516129, 0.9032258064516129, 0.9032258064516129, 0.8817204301075269, 0.8172043010752689, 0.8172043010752689, 0.6236559139784946, 0.34408602150537637],